Component ID,Description,Supplier Item No,Supplier Link,Footprint Width,Component Height
0ebac386-81af-47cc-8637-79fa869ee839,0.1μF Electrolytic Capacitors (Through Hole) by Various,A-7024,https://www.taydaelectronics.com/capacitors/electrolytic-capacitors/0-1uf-50v-85c-radial-electrolytic-capacitor-5x11mm.html,5mm,11mm
3afc5490-c814-40de-8b8d-29bcb47e71c2,0.1μF Electrolytic Capacitors (Through Hole) by Various,A-4531,https://www.taydaelectronics.com/capacitors/electrolytic-capacitors/0-1uf-50v-105c-radial-electrolytic-capacitor-5x11mm.html,5mm,11mm
511ad4e0-77f2-4d3b-bc03-e48c517fe953,0.1μF Electrolytic Capacitors (Through Hole) by Various,A-6359,https://www.taydaelectronics.com/capacitors/electrolytic-capacitors/0-1-uf-50v-105c-aluminum-radial-electrolytic-capacitor-multicomp-pro.html,4mm,7mm
c08ab470-8727-4001-aee5-6b434a02eb9a,0.22μF Electrolytic Capacitors (Through Hole) by Various,A-4512,https://www.taydaelectronics.com/capacitors/electrolytic-capacitors/0-22uf-50v-105c-radial-electrolytic-capacitor-5x11mm.html,5mm,11mm
e007277d-8cf2-4f30-aa46-e50e3f1bc285,0.33μF Electrolytic Capacitors (Through Hole) by Various,A-3942,https://www.taydaelectronics.com/capacitors/electrolytic-capacitors/0-33-uf-50v-85c-radial-electrolytic-capacitor.html,5mm,11mm
e51e2f0f-fa1d-4372-91d9-a9701925a650,0.33μF Electrolytic Capacitors (Through Hole) by Various,A-4678,https://www.taydaelectronics.com/capacitors/electrolytic-capacitors/0-33-uf-50v-85c-radial-electrolytic-capacitor-20.html,5mm,11mm
b458774d-3599-488b-a72d-0fd20be87608,0.33μF Electrolytic Capacitors (Through Hole) by Various,A-4679,https://www.taydaelectronics.com/capacitors/electrolytic-capacitors/0-33-uf-50v-105c-radial-electrolytic-capacitor-20-multicomp.html,5mm,11mm
5e4f9d5b-d8b4-419c-bbfa-cc1c68152038,0.47μF Electrolytic Capacitors (Through Hole) by Various,A-1071,https://www.taydaelectronics.com/capacitors/electrolytic-capacitors/0-47uf-50v-105c-jrb-radial-electrolytic-capacitor-5x11mm.html,5mm,11mm
fc1c3a94-766e-42d7-815b-e34c93631e0d,0.47μF Electrolytic Capacitors (Through Hole) by Various,A-4516,https://www.taydaelectronics.com/capacitors/electrolytic-capacitors/0-47uf-50v-105c-radial-electrolytic-capacitor-5x11mm.html,5mm,11mm
f04aba4d-b7af-414d-8430-605b28f279e5,10000.0μF Electrolytic Capacitors (Through Hole) by Various,A-2928,https://www.taydaelectronics.com/capacitors/electrolytic-capacitors/10000uf-16v-105c-radial-electrolytic-capacitor.html,18mm,35mm
8b45d2b2-1df1-4162-baef-33fd3aca0d7b,1000.0μF Electrolytic Capacitors (Through Hole) by Various,A-4515,https://www.taydaelectronics.com/capacitors/electrolytic-capacitors/1000uf-10v-105c-radial-electrolytic-capacitor-8x12mm.html,8mm,12mm
52c79f8c-e9e8-4ce4-aabe-be9f3d9b9721,1000.0μF Electrolytic Capacitors (Through Hole) by Various,A-6765,https://www.taydaelectronics.com/capacitors/electrolytic-capacitors/1000uf-16v-105c-aluminum-radial-electrolytic-capacitor.html,10mm,20mm
c1fc9d25-5167-4601-b439-cc8fc7e426da,1000.0μF Electrolytic Capacitors (Through Hole) by Various,A-1072,https://www.taydaelectronics.com/capacitors/electrolytic-capacitors/1000uf-16-105c-jrb-radial-electrolytic-capacitor-10x17mm.html,10mm,17mm
70715e32-a611-409c-a021-84db3e4be571,1000.0μF Electrolytic Capacitors (Through Hole) by Various,A-4523,https://www.taydaelectronics.com/capacitors/electrolytic-capacitors/1000uf-16v-105c-radial-electrolytic-capacitor-10x17mm.html,10mm,17mm
8712a1fe-be7f-4fa1-91b3-d019caf81d9e,1000.0μF Electrolytic Capacitors (Through Hole) by Various,A-4785,https://www.taydaelectronics.com/capacitors/electrolytic-capacitors/1000uf-25v-85c-radial-electrolytic-capacitor-10x20mm.html,10mm,20mm
1930cf34-d155-48de-9690-e9634998ea56,1000.0μF Electrolytic Capacitors (Through Hole) by Various,A-4552,https://www.taydaelectronics.com/capacitors/electrolytic-capacitors/1000uf-50v-105c-radial-electrolytic-capacitor-13x26mm.html,13mm,26mm
27d9ff3b-0f64-4ff2-8e13-864ef30d79f8,1000.0μF Electrolytic Capacitors (Through Hole) by Various,A-6766,https://www.taydaelectronics.com/capacitors/electrolytic-capacitors/1000uf-50v-105c-aluminum-radial-electrolytic-capacitor.html,12.5mm,25mm
4f61c98e-2ba7-4ed3-8ea0-64537b28057e,1000.0μF Electrolytic Capacitors (Through Hole) by Various,A-6357,https://www.taydaelectronics.com/capacitors/electrolytic-capacitors/1000uf-10v-105c-aluminum-radial-electrolytic-capacitor-multicomp-pro.html,10mm,13mm
0792b56a-99fb-41bb-ada9-1e3dacc84ff0,1000.0μF Electrolytic Capacitors (Through Hole) by Various,A-6482,https://www.taydaelectronics.com/capacitors/electrolytic-capacitors/1000uf-25v-105c-radial-electrolytic-capacitor-10x20mm.html,10mm,20mm
c63980f8-c144-4dcf-96d0-89e2ddb01b2b,1000.0μF Electrolytic Capacitors (Through Hole) by Various,A-6387,https://www.taydaelectronics.com/capacitors/electrolytic-capacitors/1000uf-35v-85c-aluminum-radial-electrolytic-capacitor-multicomp.html,13mm,21mm
39016233-3c69-401e-a73c-cdb7030d2658,1000.0μF Electrolytic Capacitors (Through Hole) by Various,A-6476,https://www.taydaelectronics.com/capacitors/electrolytic-capacitors/1000uf-35v-105c-aluminum-radial-electrolytic-capacitor-multicomp.html,13mm,25mm
68c7a49a-30df-4f68-b9f8-7200a791022f,1000.0μF Electrolytic Capacitors (Through Hole) by Various,A-6391,https://www.taydaelectronics.com/capacitors/electrolytic-capacitors/1000uf-50v-85c-aluminum-radial-electrolytic-capacitor-multicomp.html,16mm,26mm
572aa3ba-5eb1-4137-874d-d70a7715818f,100.0μF Electrolytic Capacitors (Through Hole) by Various,A-4528,https://www.taydaelectronics.com/capacitors/electrolytic-capacitors/100uf-6-3v-105c-radial-electrolytic-capacitor-6x6mm.html,5mm,7mm
fed2cb83-8b2a-4093-893d-f3e78169b8fd,100.0μF Electrolytic Capacitors (Through Hole) by Various,A-4502,https://www.taydaelectronics.com/capacitors/electrolytic-capacitors/100uf-10v-105c-radial-electrolytic-capacitor-5x11mm.html,5mm,11mm
b489d050-7aba-494d-bda3-0471eab07335,100.0μF Electrolytic Capacitors (Through Hole) by Various,A-4145,https://www.taydaelectronics.com/capacitors/electrolytic-capacitors/100uf-10v-105c-aluminum-radial-electrolytic-capacitor-fm.html,5mm,11mm
b2b53056-18ea-4dc9-86ae-1887c48df58a,100.0μF Electrolytic Capacitors (Through Hole) by Various,A-1063,https://www.taydaelectronics.com/capacitors/electrolytic-capacitors/100uf-10v-105c-jrb-radial-electrolytic-capacitor-5x11mm.html,5mm,11mm
4362b5a2-7847-45c7-bd14-7815742388c5,100.0μF Electrolytic Capacitors (Through Hole) by Various,A-972,https://www.taydaelectronics.com/capacitors/electrolytic-capacitors/100uf-16v-105c-jrb-radial-electrolytic-capacitor-5x11mm.html,5mm,11mm
a23ced86-a7d5-4bcc-bb43-b9d10fcc7e9e,100.0μF Electrolytic Capacitors (Through Hole) by Various,A-4514,https://www.taydaelectronics.com/capacitors/electrolytic-capacitors/100uf-16v-105c-radial-electrolytic-capacitor-5x11mm.html,5mm,11mm
9ea69cd8-7317-4729-811e-9f7e1f268f09,100.0μF Electrolytic Capacitors (Through Hole) by Various,A-4146,https://www.taydaelectronics.com/capacitors/electrolytic-capacitors/100uf-16v-105c-aluminum-radial-electrolytic-capacitor-nhg.html,5mm,11mm
95e30015-b22e-412b-924c-e4a781c295f5,100.0μF Electrolytic Capacitors (Through Hole) by Various,A-4143,https://www.taydaelectronics.com/capacitors/electrolytic-capacitors/100uf-16v-105c-aluminum-radial-electrolytic-capacitor.html,6.3mm,11.2mm
e63b83b4-9cfb-41ee-9ba9-40adab61a190,100.0μF Electrolytic Capacitors (Through Hole) by Various,A-959,https://www.taydaelectronics.com/capacitors/electrolytic-capacitors/100uf-25v-105c-jrb-radial-electrolytic-capacitor-6-3x11mm.html,6.3mm,11mm
b649ed11-7dc9-4ae6-b2b1-9eba2d7d65ab,100.0μF Electrolytic Capacitors (Through Hole) by Various,A-4541,https://www.taydaelectronics.com/capacitors/electrolytic-capacitors/100uf-25v-105c-radial-electrolytic-capacitor-6x11mm.html,6.3mm,11mm
a90c5b94-0270-4c11-978a-2c2f7dbf68be,100.0μF Electrolytic Capacitors (Through Hole) by Various,A-6478,https://www.taydaelectronics.com/capacitors/electrolytic-capacitors/100uf-25v-105c-aluminum-radial-electrolytic-capacitor-nichicon.html,6.3mm,15mm
8ac68c8a-d3f8-42a1-9ba3-829f42e01fb3,100.0μF Electrolytic Capacitors (Through Hole) by Various,A-987,https://www.taydaelectronics.com/capacitors/electrolytic-capacitors/100uf-35v-105c-jrb-radial-electrolytic-capacitor-6x12mm.html,6.3mm,11mm
d42bb328-dbd5-4d19-879e-82d0ff9a3536,100.0μF Electrolytic Capacitors (Through Hole) by Various,A-4538,https://www.taydaelectronics.com/capacitors/electrolytic-capacitors/100uf-35v-105c-radial-electrolytic-capacitor-6x11mm.html,6mm,11mm
fdcb1fca-b783-4e2a-b665-6471ca09b634,100.0μF Electrolytic Capacitors (Through Hole) by Various,A-2588,https://www.taydaelectronics.com/capacitors/electrolytic-capacitors/100uf-50v-85c-radial-electrolytic-capacitor-8x11mm-kemet.html,8mm,11mm
48370433-ca1f-4797-94ba-2978d93ff38d,100.0μF Electrolytic Capacitors (Through Hole) by Various,A-4513,https://www.taydaelectronics.com/capacitors/electrolytic-capacitors/100uf-50v-105c-radial-electrolytic-capacitor-8x12mm.html,8mm,12mm
036887b3-1879-4674-b86c-d64df6ae0291,100.0μF Electrolytic Capacitors (Through Hole) by Various,A-4147,https://www.taydaelectronics.com/capacitors/electrolytic-capacitors/100uf-50v-105c-aluminum-radial-electrolytic-capacitor-nhg.html,8mm,11.5mm
4abe8a69-b76b-426c-9633-3ada7332043e,100.0μF Electrolytic Capacitors (Through Hole) by Various,A-986,https://www.taydaelectronics.com/capacitors/electrolytic-capacitors/100uf-50v-105c-jrb-radial-electrolytic-capacitor-8x12mm.html,8mm,12mm
a881820d-8018-4d59-92cb-8b700dee0af6,100.0μF Electrolytic Capacitors (Through Hole) by Various,A-2921,https://www.taydaelectronics.com/capacitors/electrolytic-capacitors/100uf-100v-105c-radial-electrolytic-capacitor.html,10mm,20mm
98308c5a-c803-438b-833c-3e1d13efccad,100.0μF Electrolytic Capacitors (Through Hole) by Various,A-6777,https://www.taydaelectronics.com/capacitors/electrolytic-capacitors/100uf-100v-105c-aluminum-radial-electrolytic-capacitor.html,10mm,16mm
aec87b39-c0e0-46e8-8457-5490fce59f27,100.0μF Electrolytic Capacitors (Through Hole) by Various,A-6801,https://www.taydaelectronics.com/capacitors/electrolytic-capacitors/100uf-25v-85c-aluminum-radial-electrolytic-capacitor-jab.html,8mm,13mm
61424e11-5694-4a9e-84b6-43bf20a066dc,100.0μF Electrolytic Capacitors (Through Hole) by Various,A-4544,https://www.taydaelectronics.com/capacitors/electrolytic-capacitors/100uf-250v-105c-radial-electrolytic-capacitor-16x32mm.html,16mm,32mm
0d7dd575-a25d-483d-97c3-f0b6efe7b4dd,100.0μF Electrolytic Capacitors (Through Hole) by Various,A-5670,https://www.taydaelectronics.com/capacitors/electrolytic-capacitors/100uf-450v-105c-radial-electrolytic-capacitor-22x30-mm.html,22mm,30mm
4c16fb1a-315f-4a49-be3c-fc2eafee0cb5,100.0μF Electrolytic Capacitors (Through Hole) by Various,A-6347,https://www.taydaelectronics.com/capacitors/electrolytic-capacitors/100uf-16v-105c-aluminum-radial-electrolytic-capacitor-rubycon.html,6.3mm,11mm
a7e9e4c3-37d7-4eb6-9d32-2dbdc7748ad3,10.0μF Electrolytic Capacitors (Through Hole) by Various,A-3931,https://www.taydaelectronics.com/capacitors/electrolytic-capacitors/10uf-16v-85c-radial-electrolytic-capacitor.html,5mm,11mm
1afdb464-ed2b-4c17-a589-a57f1886bf63,10.0μF Electrolytic Capacitors (Through Hole) by Various,A-6349,https://www.taydaelectronics.com/capacitors/electrolytic-capacitors/10uf-16v-105c-aluminum-radial-electrolytic-capacitor-panasonic.html,5mm,11mm
e5666c62-4e7e-42fe-8a23-b5c09cb121bf,10.0μF Electrolytic Capacitors (Through Hole) by Various,A-4534,https://www.taydaelectronics.com/capacitors/electrolytic-capacitors/10uf-25v-105c-radial-electrolytic-capacitor-5x11mm.html,5mm,11mm
5fcd159b-bdf0-4e4d-93ba-f72012b92a12,10.0μF Electrolytic Capacitors (Through Hole) by Various,A-6898,https://www.taydaelectronics.com/capacitors/electrolytic-capacitors/10uf-25v-105c-aluminum-electrolytic-capacitor-5x11mm.html,5mm,11mm
32a75fd8-0b49-4375-bae8-24f09835d972,10.0μF Electrolytic Capacitors (Through Hole) by Various,A-971,https://www.taydaelectronics.com/capacitors/electrolytic-capacitors/10uf-25v-105c-jrb-radial-electrolytic-capacitor-5x11mm.html,5mm,11mm
22c96447-02b3-4464-8b4f-906e19f406c2,10.0μF Electrolytic Capacitors (Through Hole) by Various,A-3199,https://www.taydaelectronics.com/capacitors/electrolytic-capacitors/10uf-35v-105c-radial-electrolytic-capacitor-5x11mm-km-series.html,5mm,11mm
1f879d34-b9a3-4e29-bc76-394b4b529af7,10.0μF Electrolytic Capacitors (Through Hole) by Various,A-4548,https://www.taydaelectronics.com/capacitors/electrolytic-capacitors/10uf-35v-105c-radial-electrolytic-capacitor-5x11mm.html,5mm,11mm
cb3bc933-ac8e-4cdb-be18-d91e474adbba,10.0μF Electrolytic Capacitors (Through Hole) by Various,A-1067,https://www.taydaelectronics.com/capacitors/electrolytic-capacitors/10uf-35v-105c-jrb-radial-electrolytic-capacitor-5x11mm.html,5mm,11mm
10a5d76c-46a3-48c4-9eb9-491b0d0607a6,10.0μF Electrolytic Capacitors (Through Hole) by Various,A-6985,https://www.taydaelectronics.com/capacitors/electrolytic-capacitors/10-uf-50v-85c-electrolytic-capacitor-aishi-6985.html,5mm,11mm
525b14c8-6f40-448a-8a6e-5a25554c0bc5,10.0μF Electrolytic Capacitors (Through Hole) by Various,A-6804,https://www.taydaelectronics.com/capacitors/electrolytic-capacitors/10-uf-50v-105c-aluminum-radial-electrolytic-capacitor-jae.html,8mm,19mm
1c7aae57-b1d0-4921-90d1-708b4a51f9da,10.0μF Electrolytic Capacitors (Through Hole) by Various,A-960,https://www.taydaelectronics.com/capacitors/electrolytic-capacitors/10uf-50v-105c-jrb-radial-electrolytic-capacitor-5x11mm.html,5mm,11mm
1230a52b-c045-4088-a893-f667b85eb567,10.0μF Electrolytic Capacitors (Through Hole) by Various,A-4554,https://www.taydaelectronics.com/capacitors/electrolytic-capacitors/10uf-50v-105c-radial-electrolytic-capacitor-5x11mm.html,5mm,11mm
89e77c47-af98-4872-9d0c-79c1284e7328,10.0μF Electrolytic Capacitors (Through Hole) by Various,A-1799,https://www.taydaelectronics.com/capacitors/electrolytic-capacitors/nichicon-10uf-50v-105c-radial-electrolytic-capacitor-5x11mm.html,5mm,11mm
58fa495e-8408-45da-a6e3-ed90812bc93b,10.0μF Electrolytic Capacitors (Through Hole) by Various,A-4150,https://www.taydaelectronics.com/capacitors/electrolytic-capacitors/10uf-50v-105c-aluminum-radial-electrolytic-capacitor-nhg.html,5mm,11mm
18e5c030-8f76-41ed-abc0-1fb46e86f737,10.0μF Electrolytic Capacitors (Through Hole) by Various,A-4141,https://www.taydaelectronics.com/capacitors/electrolytic-capacitors/10uf-50v-105c-aluminum-radial-electrolytic-capacitor.html,5mm,11mm
ae8c2a6b-3c5f-4f75-a4a4-29e92507a96d,10.0μF Electrolytic Capacitors (Through Hole) by Various,A-4535,https://www.taydaelectronics.com/capacitors/electrolytic-capacitors/10uf-100v-105c-radial-electrolytic-capacitor-6x11mm.html,6.3mm,11mm
2d5baa25-cf9a-4f8b-9222-490df27c3c09,10.0μF Electrolytic Capacitors (Through Hole) by Various,A-4349,https://www.taydaelectronics.com/capacitors/electrolytic-capacitors/10uf-100v-105c-jrb-radial-electrolytic-capacitor-6-3-x-12mm.html,6.3mm,12mm
8f1c5d43-721f-45ca-8160-844c8fb72fbb,10.0μF Electrolytic Capacitors (Through Hole) by Various,A-1616,https://www.taydaelectronics.com/capacitors/electrolytic-capacitors/10uf-250v-105c-radial-electrolytic-capacitor-10x13mm.html,10mm,13mm
1facee92-e865-4e1d-a5ed-88671bf06fa5,10.0μF Electrolytic Capacitors (Through Hole) by Various,A-2916,https://www.taydaelectronics.com/capacitors/electrolytic-capacitors/10uf-400v-105c-radial-electrolytic-capacitor.html,10mm,16mm
3903556d-cfea-4a9e-a90e-e85dfcd23300,10.0μF Electrolytic Capacitors (Through Hole) by Various,A-4367,https://www.taydaelectronics.com/capacitors/electrolytic-capacitors/10uf-400v-105c-radial-electrolytic-capacitor-10x16.html,10mm,16mm
a8aeeaba-b32a-495d-856b-4bd8fa492cfb,10.0μF Electrolytic Capacitors (Through Hole) by Various,A-3334,https://www.taydaelectronics.com/capacitors/electrolytic-capacitors/10uf-450v-85c-radial-electrolytic-capacitor-10x20mm-wk-series.html,10mm,20mm
eb8c4c09-0799-4b69-90ba-8656939f84fb,10.0μF Electrolytic Capacitors (Through Hole) by Various,A-6356,https://www.taydaelectronics.com/capacitors/electrolytic-capacitors/10uf-63v-105c-aluminum-radial-electrolytic-capacitor-panasonic.html,5mm,11mm
33b1bc57-675c-4925-bead-881652f4080d,1.0μF Electrolytic Capacitors (Through Hole) by Various,A-957,https://www.taydaelectronics.com/capacitors/electrolytic-capacitors/1uf-50v-105c-jrb-radial-electrolytic-capacitor-5x11mm.html,5mm,11mm
f9e622b5-f661-43b9-aea6-7bf702de2248,1.0μF Electrolytic Capacitors (Through Hole) by Various,A-4505,https://www.taydaelectronics.com/capacitors/electrolytic-capacitors/1uf-50v-105c-radial-electrolytic-capacitor-5x11mm.html,5mm,11mm
975792ab-a161-4e5d-89a3-ae242c45e1ea,1.0μF Electrolytic Capacitors (Through Hole) by Various,A-6800,https://www.taydaelectronics.com/capacitors/electrolytic-capacitors/1uf-50v-85c-aluminum-radial-electrolytic-capacitor-jab.html,6.3mm,13mm
44d0e356-2025-41ce-afcf-bb30e0e86e5a,1.0μF Electrolytic Capacitors (Through Hole) by Various,A-4179,https://www.taydaelectronics.com/capacitors/electrolytic-capacitors/nichicon-1uf-50v-105c-radial-electrolytic-capacitor-5-11mm.html,5mm,11mm
01b835f2-5c73-4f9a-8840-bedf279491f4,1.0μF Electrolytic Capacitors (Through Hole) by Various,A-6802,https://www.taydaelectronics.com/capacitors/electrolytic-capacitors/1uf-50v-105c-aluminum-radial-electrolytic-capacitor-jah.html,6.3mm,13mm
d03c2c1a-498e-4a80-9886-3c86d8a3186b,1.0μF Electrolytic Capacitors (Through Hole) by Various,A-4507,https://www.taydaelectronics.com/capacitors/electrolytic-capacitors/1uf-100v-85c-radial-electrolytic-capacitor-5x12mm.html,5mm,12mm
30a9b441-0c9f-48b1-a230-98b3f7f1bfee,1.0μF Electrolytic Capacitors (Through Hole) by Various,A-1613,https://www.taydaelectronics.com/capacitors/electrolytic-capacitors/1uf-250v-105c-radial-electrolytic-capacitor-6-3x12mm.html,6.3mm,12mm
78a8bce6-e3ab-4942-830e-4bdbfe363fc2,1.0μF Electrolytic Capacitors (Through Hole) by Various,A-2913,https://www.taydaelectronics.com/capacitors/electrolytic-capacitors/1uf-400v-105c-radial-electrolytic-capacitor.html,8mm,12mm
144a9c7b-d038-4ec9-a220-487cb29d7aac,120.0μF Electrolytic Capacitors (Through Hole) by Various,A-3945,https://www.taydaelectronics.com/capacitors/electrolytic-capacitors/120uf-63v-105c-aluminum-radial-electrolytic-capacitor.html,8mm,15mm
553120cf-c21d-480b-a761-a78c6a582f0c,120.0μF Electrolytic Capacitors (Through Hole) by Various,A-6086,https://www.taydaelectronics.com/capacitors/electrolytic-capacitors/120uf-450v-105c-aluminum-radial-electrolytic-capacitor.html,18mm,32mm
fa1d8b14-97bd-4415-9d33-187d2e4f68c6,1500.0μF Electrolytic Capacitors (Through Hole) by Various,A-6360,https://www.taydaelectronics.com/capacitors/electrolytic-capacitors/1500uf-6-3-v-105c-aluminum-radial-electrolytic-capacitor-panasonic.html,8mm,15mm
c4bcc461-a94f-4bff-8a2b-1848065f54c0,1500.0μF Electrolytic Capacitors (Through Hole) by Various,A-6376,https://www.taydaelectronics.com/capacitors/electrolytic-capacitors/1500uf-16v-105c-aluminum-radial-electrolytic-capacitor-rubycon.html,10mm,20mm
e51dbcd8-0006-4af8-89d2-678b8c13e755,150.0μF Electrolytic Capacitors (Through Hole) by Various,A-2922,https://www.taydaelectronics.com/capacitors/electrolytic-capacitors/150uf-50v-105c-radial-electrolytic-capacitor.html,10mm,12mm
3b7aec5c-b1b2-4637-ad8a-dbd9fab3ea75,1800.0μF Electrolytic Capacitors (Through Hole) by Various,A-6361,https://www.taydaelectronics.com/capacitors/electrolytic-capacitors/1800uf-6-3-v-105c-aluminum-radial-electrolytic-capacitor-panasonic.html,8mm,20mm
6dcd2054-8876-46e7-9ec9-e6e26a39d134,180.0μF Electrolytic Capacitors (Through Hole) by Various,A-2923,https://www.taydaelectronics.com/capacitors/electrolytic-capacitors/180uf-50v-105c-radial-electrolytic-capacitor.html,10mm,12mm
1e630cbc-079c-46c6-a101-63c4d564d529,2200.0μF Electrolytic Capacitors (Through Hole) by Various,A-6362,https://www.taydaelectronics.com/capacitors/electrolytic-capacitors/2200uf-6-3-v-105c-aluminum-radial-electrolytic-capacitor.html,10mm,16mm
004780e1-ac93-4e6c-9afa-0981b9ecbe08,2200.0μF Electrolytic Capacitors (Through Hole) by Various,A-4526,https://www.taydaelectronics.com/capacitors/electrolytic-capacitors/2200uf-16v-105c-radial-electrolytic-capacitor-13x20mm.html,13mm,20mm
f013e729-f1e5-4367-9a1b-7f9b8c8e8416,2200.0μF Electrolytic Capacitors (Through Hole) by Various,A-6377,https://www.taydaelectronics.com/capacitors/electrolytic-capacitors/2200uf-16v-85c-aluminum-radial-electrolytic-capacitor-multicomp-pro.html,13mm,21mm
7b291a1f-a28f-4b5f-a66b-7f95da63eef7,2200.0μF Electrolytic Capacitors (Through Hole) by Various,A-4786,https://www.taydaelectronics.com/capacitors/electrolytic-capacitors/2200uf-25v-85c-radial-electrolytic-capacitor-13x25mm.html,13mm,25mm
3ae34dbd-014e-454c-a29e-cd56069c63a9,2200.0μF Electrolytic Capacitors (Through Hole) by Various,A-976,https://www.taydaelectronics.com/capacitors/electrolytic-capacitors/2200uf-50v-105c-jrb-radial-electrolytic-capacitor-5x11mm.html,16mm,35mm
cf498fbf-c515-4f51-b1f5-cbf1aae4976d,2200.0μF Electrolytic Capacitors (Through Hole) by Various,A-4550,https://www.taydaelectronics.com/capacitors/electrolytic-capacitors/2200uf-50v-105c-radial-electrolytic-capacitor-16x32mm.html,16mm,35mm
45fdc3dc-01ec-49bf-9b8f-facab756e6e8,220.0μF Electrolytic Capacitors (Through Hole) by Various,A-4506,https://www.taydaelectronics.com/capacitors/electrolytic-capacitors/220uf-10v-105c-radial-electrolytic-capacitor-5x11mm.html,5mm,11mm
411048b0-32e7-46b5-98c8-b6faace32e7b,220.0μF Electrolytic Capacitors (Through Hole) by Various,A-6358,https://www.taydaelectronics.com/capacitors/electrolytic-capacitors/220uf-10v-105c-aluminum-radial-electrolytic-capacitor-panasonic.html,6.3mm,11mm
b69e2e8b-70c2-41b5-9eb8-49c52d6f5b5c,220.0μF Electrolytic Capacitors (Through Hole) by Various,A-4543,https://www.taydaelectronics.com/capacitors/electrolytic-capacitors/220uf-16v-105c-radial-electrolytic-capacitor-6x11mm.html,6mm,11mm
c181d332-78db-4318-abe1-b2fbfb495a58,220.0μF Electrolytic Capacitors (Through Hole) by Various,A-1159,https://www.taydaelectronics.com/capacitors/electrolytic-capacitors/220uf-16v-jrb-radial-electrolytic-capacitor-6-3x11mm.html,6.3mm,11mm
3d95fdaf-1686-4550-9a6f-fb1725d34952,220.0μF Electrolytic Capacitors (Through Hole) by Various,A-1064,https://www.taydaelectronics.com/capacitors/electrolytic-capacitors/220uf-25v-105c-jrb-radial-electrolytic-capacitor-8x12mm.html,8mm,12mm
a940f549-5b79-4e58-900d-bd07f7c58e59,220.0μF Electrolytic Capacitors (Through Hole) by Various,A-4503,https://www.taydaelectronics.com/capacitors/electrolytic-capacitors/220uf-25v-105c-radial-electrolytic-capacitor-8x11mm.html,8mm,12mm
732900c4-c079-429e-8f5d-64fd3adab2b0,220.0μF Electrolytic Capacitors (Through Hole) by Various,A-3484,https://www.taydaelectronics.com/capacitors/electrolytic-capacitors/220uf-35v-85c-radial-electrolytic-capacitor.html,8mm,12mm
d9af6218-22fe-40de-a2a3-3d300df6ac48,220.0μF Electrolytic Capacitors (Through Hole) by Various,A-977,https://www.taydaelectronics.com/capacitors/electrolytic-capacitors/220uf-50v-105c-jrb-radial-electrolytic-capacitor-10x17mm.html,10mm,17mm
95ba9717-59d2-487e-b993-dbeb95d734bf,220.0μF Electrolytic Capacitors (Through Hole) by Various,A-6389,https://www.taydaelectronics.com/capacitors/electrolytic-capacitors/220uf-50v-105c-aluminum-radial-electrolytic-capacitor-multicomp.html,10mm,16mm
fb7f5598-f7c5-421b-b16f-9ad6d42a1781,220.0μF Electrolytic Capacitors (Through Hole) by Various,A-4547,https://www.taydaelectronics.com/capacitors/electrolytic-capacitors/220uf-50v-105c-radial-electrolytic-capacitor-10x13mm.html,10mm,13mm
329e647f-a1e5-42e3-aacd-b41b28f1132e,220.0μF Electrolytic Capacitors (Through Hole) by Various,A-6348,https://www.taydaelectronics.com/capacitors/electrolytic-capacitors/220uf-63v-105c-aluminum-radial-electrolytic-capacitor-panasonic.html,10mm,16mm
3d5379f2-0dd8-4080-bd09-2bf3d84074db,220.0μF Electrolytic Capacitors (Through Hole) by Various,A-2924,https://www.taydaelectronics.com/capacitors/electrolytic-capacitors/220uf-100v-105c-radial-electrolytic-capacitor.html,13mm,26mm
69a2dcc7-ce40-425b-8f71-b55c582a4704,22.0μF Electrolytic Capacitors (Through Hole) by Various,A-4520,https://www.taydaelectronics.com/capacitors/electrolytic-capacitors/22uf-16v-105c-radial-electrolytic-capacitor-5x11mm.html,5mm,11mm
5dd7d81c-d797-4e27-8c5c-c2af8ca143df,22.0μF Electrolytic Capacitors (Through Hole) by Various,A-973,https://www.taydaelectronics.com/capacitors/electrolytic-capacitors/22uf-16v-105c-jrb-radial-electrolytic-capacitor-5x11mm.html,5mm,11mm
7b7f6ca0-d2df-4245-98c9-a6295a6669ef,22.0μF Electrolytic Capacitors (Through Hole) by Various,A-6477,https://www.taydaelectronics.com/capacitors/electrolytic-capacitors/22uf-16v-105c-aluminum-radial-electrolytic-capacitor-multicomp.html,5mm,11mm
ba01a93a-59c1-4b20-bbb2-5e0c86084481,22.0μF Electrolytic Capacitors (Through Hole) by Various,A-4784,https://www.taydaelectronics.com/capacitors/electrolytic-capacitors/22uf-25v-85c-radial-electrolytic-capacitor-5x11mm.html,5mm,11mm
4142606c-a9e8-4313-b456-519ed11fa68f,22.0μF Electrolytic Capacitors (Through Hole) by Various,A-6384,https://www.taydaelectronics.com/capacitors/electrolytic-capacitors/22uf-35v-85c-aluminum-electrolytic-capacitor-5x11mm-multicomp-pro.html,5mm,11mm
dfa58aea-4855-41b1-9237-325497178978,22.0μF Electrolytic Capacitors (Through Hole) by Various,A-4530,https://www.taydaelectronics.com/capacitors/electrolytic-capacitors/22uf-50v-105c-radial-electrolytic-capacitor-5x11mm.html,5mm,11mm
6cd1976c-1c15-4a74-be88-fb08283d0e44,22.0μF Electrolytic Capacitors (Through Hole) by Various,A-958,https://www.taydaelectronics.com/capacitors/electrolytic-capacitors/22uf-50v-105c-jrb-radial-electrolytic-capacitor-5x11mm.html,5mm,11mm
b4ba6d2b-2645-4222-b8dd-ad38072c4133,22.0μF Electrolytic Capacitors (Through Hole) by Various,A-2917,https://www.taydaelectronics.com/capacitors/electrolytic-capacitors/22uf-100v-105c-radial-electrolytic-capacitor.html,6.3mm,12mm
e5ba27cb-b295-409b-900a-caa93a8014d8,22.0μF Electrolytic Capacitors (Through Hole) by Various,A-2918,https://www.taydaelectronics.com/capacitors/electrolytic-capacitors/22uf-250v-105c-radial-electrolytic-capacitor.html,10mm,17mm
f11dbee8-e090-4897-b2cc-fdb05c7d1933,22.0μF Electrolytic Capacitors (Through Hole) by Various,A-3336,https://www.taydaelectronics.com/capacitors/electrolytic-capacitors/22uf-400v-105c-radial-electrolytic-capacitor-km-series.html,12.5mm,20mm
10bdbebb-71e8-45db-8a3e-dcd5c4b162cb,22.0μF Electrolytic Capacitors (Through Hole) by Various,A-3335,https://www.taydaelectronics.com/capacitors/electrolytic-capacitors/22uf-450v-105c-radial-electrolytic-capacitor-16x25mm-km-series.html,16mm,25mm
f8722ffd-0e73-4071-b2e4-fcbc0f8e7e67,2.2μF Electrolytic Capacitors (Through Hole) by Various,A-1066,https://www.taydaelectronics.com/capacitors/electrolytic-capacitors/2.2uf-25v-105c-jrb-radial-electrolytic-capacitor-5x11mm.html,5mm,11mm
c098f000-f70d-4e4d-ae0b-0997288fef66,2.2μF Electrolytic Capacitors (Through Hole) by Various,A-4510,https://www.taydaelectronics.com/capacitors/electrolytic-capacitors/2-2uf-25v-105c-radial-electrolytic-capacitor-5x11mm.html,5mm,11mm
31213bbe-0385-4f06-8fdd-31d1ed2491fd,2.2μF Electrolytic Capacitors (Through Hole) by Various,A-7122,https://www.taydaelectronics.com/capacitors/electrolytic-capacitors/2-2-uf-50v-85c-electrolytic-capacitor-aishi.html,5mm,11mm
35152460-2b82-47b0-aa44-c2f63388df53,2.2μF Electrolytic Capacitors (Through Hole) by Various,A-6803,https://www.taydaelectronics.com/capacitors/electrolytic-capacitors/2-2-uf-50v-105c-aluminum-radial-electrolytic-capacitor-jac.html,13mm,27mm
6364e471-5c46-442d-b47c-247542b62533,2.2μF Electrolytic Capacitors (Through Hole) by Various,A-4517,https://www.taydaelectronics.com/capacitors/electrolytic-capacitors/2-2uf-35v-105c-radial-electrolytic-capacitor-5x11mm.html,5mm,11mm
d234bb27-51f6-4bc0-a3ea-56d177d2ac71,2.2μF Electrolytic Capacitors (Through Hole) by Various,A-1081,https://www.taydaelectronics.com/capacitors/electrolytic-capacitors/2.2uf-50v-105c-jrb-radial-electrolytic-capacitor-5x11mm.html,5mm,11mm
2d989fb9-dbd3-4519-8ff3-2daa4c81cd76,2.2μF Electrolytic Capacitors (Through Hole) by Various,A-6930,https://www.taydaelectronics.com/capacitors/electrolytic-capacitors/2-2-uf-50v-85c-electrolytic-capacitor-nichicon.html,5mm,11mm
80576afc-e81f-47a8-8d5c-ac7a7188f81a,2.2μF Electrolytic Capacitors (Through Hole) by Various,A-4532,https://www.taydaelectronics.com/capacitors/electrolytic-capacitors/2-2uf-50v-105c-radial-electrolytic-capacitor-5x11mm.html,5mm,11mm
2a1da281-c0c9-450a-9561-3103ff640421,2.2μF Electrolytic Capacitors (Through Hole) by Various,A-4511,https://www.taydaelectronics.com/capacitors/electrolytic-capacitors/2-2uf-100v-85c-radial-electrolytic-capacitor-5x11mm.html,5mm,11mm
1706b88b-a9f0-4c59-a061-72b5ffdec7ef,2.2μF Electrolytic Capacitors (Through Hole) by Various,A-6392,https://www.taydaelectronics.com/capacitors/electrolytic-capacitors/2-2uf-100v-105c-aluminum-radial-electrolytic-capacitor-multicomp.html,5mm,11mm
8d7a01ef-bac8-4c84-bd5f-8e83b1045428,2.2μF Electrolytic Capacitors (Through Hole) by Various,A-2914,https://www.taydaelectronics.com/capacitors/electrolytic-capacitors/2-2uf-250v-105c-radial-electrolytic-capacitor.html,6.3mm,11mm
c8d4a99f-f605-4754-85d0-45bd59797798,3300.0μF Electrolytic Capacitors (Through Hole) by Various,A-6673,https://www.taydaelectronics.com/capacitors/electrolytic-capacitors/3300uf-6-3-v-105c-radial-electrolytic-capacitor-13x25mm.html,13mm,25mm
b663f536-b860-4bfc-bdd8-9aa4fa9801b6,3300.0μF Electrolytic Capacitors (Through Hole) by Various,A-4551,https://www.taydaelectronics.com/capacitors/electrolytic-capacitors/3300uf-16v-105c-radial-electrolytic-capacitor-13x21mm.html,13mm,21mm
6f2d4019-5125-4ddc-a172-6b6a8eed124b,3300.0μF Electrolytic Capacitors (Through Hole) by Various,A-6374,https://www.taydaelectronics.com/capacitors/electrolytic-capacitors/3300uf-16-v-85c-aluminum-radial-electrolytic-capacitor-multicomp-pro.html,13mm,26mm
5a7e0d94-5586-4d80-8f5d-efa3ff17dfcb,3300.0μF Electrolytic Capacitors (Through Hole) by Various,A-5669,https://www.taydaelectronics.com/capacitors/electrolytic-capacitors/3300uf-25v-85c-radial-electrolytic-capacitor-16x25.html,16mm,25mm
9f7ce7a9-d899-497d-90a5-720d4858f208,3300.0μF Electrolytic Capacitors (Through Hole) by Various,A-2927,https://www.taydaelectronics.com/capacitors/electrolytic-capacitors/3300uf-50v-105c-radial-electrolytic-capacitor.html,18mm,40mm
a1ff9d65-a832-4d93-b3b0-cf4e06f50521,3300.0μF Electrolytic Capacitors (Through Hole) by Various,A-6899,https://www.taydaelectronics.com/capacitors/electrolytic-capacitors/3300uf-50v-85c-radial-electrolytic-capacitor-18x35mm-aishi.html,18mm,35mm
8cd0da5f-0024-4ee3-9c28-f6f3407bc82c,3300.0μF Electrolytic Capacitors (Through Hole) by Various,A-2421,https://www.taydaelectronics.com/capacitors/electrolytic-capacitors/3300uf-50v-105c-radial-electrolytic-capacitor-18x36mm.html,18mm,36mm
ea812185-7e14-4207-8aab-1afe959ac3aa,330.0μF Electrolytic Capacitors (Through Hole) by Various,A-4553,https://www.taydaelectronics.com/capacitors/electrolytic-capacitors/330uf-16v-105c-radial-electrolytic-capacitor-6x11mm.html,6mm,11mm
9736a54f-c116-46e3-b523-d314693e22f5,330.0μF Electrolytic Capacitors (Through Hole) by Various,A-6378,https://www.taydaelectronics.com/capacitors/electrolytic-capacitors/330uf-16v-85c-aluminum-radial-electrolytic-capacitor-multicomp-pro.html,8mm,11mm
b8895f60-b011-4427-8bc4-7e03f1e0cc45,330.0μF Electrolytic Capacitors (Through Hole) by Various,A-6775,https://www.taydaelectronics.com/capacitors/electrolytic-capacitors/330uf-25v-105c-aluminum-radial-electrolytic-capacitor-aishi.html,8mm,12mm
4112fa40-6e84-4891-b789-bc9354131131,330.0μF Electrolytic Capacitors (Through Hole) by Various,A-6385,https://www.taydaelectronics.com/capacitors/electrolytic-capacitors/330uf-35v-105c-aluminum-electrolytic-capacitor-10x16mm-epcos.html,10mm,16mm
c1a0eebc-8299-4e83-9fb3-061e7ad96aed,330.0μF Electrolytic Capacitors (Through Hole) by Various,A-2925,https://www.taydaelectronics.com/capacitors/electrolytic-capacitors/330uf-50v-105c-radial-electrolytic-capacitor.html,10mm,17mm
984b5f7f-0d7b-4973-bcb7-a9a98ae9e2dd,330.0μF Electrolytic Capacitors (Through Hole) by Various,A-4303,https://www.taydaelectronics.com/capacitors/electrolytic-capacitors/330uf-50v-105c-radial-electrolytic-capacitor-10x17mm-1.html,10mm,17mm
cd537ad4-6481-495c-a5e7-dc259039aa2d,330.0μF Electrolytic Capacitors (Through Hole) by Various,A-6869,https://www.taydaelectronics.com/capacitors/electrolytic-capacitors/330uf-400v-105c-radial-electrolytic-capacitor-35x30mm.html,35mm,30mm
428bb511-0d2e-49af-8efa-26b76f0f0721,33.0μF Electrolytic Capacitors (Through Hole) by Various,A-5724,https://www.taydaelectronics.com/capacitors/electrolytic-capacitors/33uf-25v-105c-radial-electrolytic-capacitor-5x11mm.html,5mm,11mm
4eb7f1c5-d6fd-49d3-8d51-2e503c4aa70f,33.0μF Electrolytic Capacitors (Through Hole) by Various,A-6776,https://www.taydaelectronics.com/capacitors/electrolytic-capacitors/33uf-35v-85c-aluminum-radial-electrolytic-capacitor-aishi.html,5mm,11mm
7c880d87-0097-419a-88f5-a48cea3a3344,33.0μF Electrolytic Capacitors (Through Hole) by Various,A-4549,https://www.taydaelectronics.com/capacitors/electrolytic-capacitors/33uf-50v-105c-radial-electrolytic-capacitor-6x11mm.html,6mm,11mm
260e6778-f821-4497-95cc-5372d1e51c76,33.0μF Electrolytic Capacitors (Through Hole) by Various,A-1082,https://www.taydaelectronics.com/capacitors/electrolytic-capacitors/33uf-50v-105c-jrb-radial-electrolytic-capacitor-5x11mm.html,5mm,12mm
27b0e609-709f-4beb-8a17-b700c45c3dac,33.0μF Electrolytic Capacitors (Through Hole) by Various,A-6388,https://www.taydaelectronics.com/capacitors/electrolytic-capacitors/33uf-50v-105c-aluminum-radial-electrolytic-capacitor-multicomp.html,5mm,11mm
43e79bc1-2452-407f-a24d-d8ed595b40ac,33.0μF Electrolytic Capacitors (Through Hole) by Various,A-2919,https://www.taydaelectronics.com/capacitors/electrolytic-capacitors/33uf-100v-105c-radial-electrolytic-capacitor.html,8mm,12mm
f3ee2c51-94e9-4f99-8fd8-1f3b3eef606d,3.3μF Electrolytic Capacitors (Through Hole) by Various,A-970,https://www.taydaelectronics.com/capacitors/electrolytic-capacitors/3-3uf-50v-105c-jrb-radial-electrolytic-capacitor-5x11mm.html,5mm,11mm
2bc2fbad-3126-46a4-bfe7-7056dd349ae4,3.3μF Electrolytic Capacitors (Through Hole) by Various,A-6767,https://www.taydaelectronics.com/capacitors/electrolytic-capacitors/3-3-uf-50v-105c-aluminum-radial-electrolytic-capacitor.html,5mm,11mm
e8042853-c69c-46cc-864a-fe44b81893d3,3.3μF Electrolytic Capacitors (Through Hole) by Various,A-4524,https://www.taydaelectronics.com/capacitors/electrolytic-capacitors/3-3uf-50v-105c-radial-electrolytic-capacitor-5x11mm.html,5mm,11mm
0715f6ac-7a59-4886-8798-9ee797d91371,3.3μF Electrolytic Capacitors (Through Hole) by Various,A-2579,https://www.taydaelectronics.com/capacitors/electrolytic-capacitors/3-3uf-100v-jrb-radial-electrolytic-capacitor-5x11mm.html,5mm,11mm
86eb772c-5d40-4c00-8314-0e033c8b6d89,3.3μF Electrolytic Capacitors (Through Hole) by Various,A-4508,https://www.taydaelectronics.com/capacitors/electrolytic-capacitors/3-3uf-100v-105c-radial-electrolytic-capacitor-6x11mm.html,6mm,11mm
2297f4ff-6df2-4e68-a104-502570d9b9b0,4700.0μF Electrolytic Capacitors (Through Hole) by Various,A-3933,https://www.taydaelectronics.com/capacitors/electrolytic-capacitors/4700uf-16v-85c-radial-electrolytic-capacitor-16x25mm.html,16mm,25mm
f605ab20-1ae4-4e1f-a42d-15263554c592,4700.0μF Electrolytic Capacitors (Through Hole) by Various,A-6383,https://www.taydaelectronics.com/capacitors/electrolytic-capacitors/4700uf-35v-105c-aluminum-electrolytic-capacitor-16x32mm-multicomp-pro.html,16mm,32mm
666409f9-24b0-462e-9118-69ccdfb9916d,4700.0μF Electrolytic Capacitors (Through Hole) by Various,A-4525,https://www.taydaelectronics.com/capacitors/electrolytic-capacitors/4700uf-25v-105c-radial-electrolytic-capacitor-16x26mm.html,16mm,26mm
d1d09315-9079-4585-bc25-8b6fda5009d6,4700.0μF Electrolytic Capacitors (Through Hole) by Various,A-1077,https://www.taydaelectronics.com/capacitors/electrolytic-capacitors/4700uf-25v-105c-jrb-radial-electrolytic-capacitor-5x11mm.html,16mm,25mm
1d40f3a3-eea8-44aa-9adc-42b8d4a90ea0,4700.0μF Electrolytic Capacitors (Through Hole) by Various,A-6896,https://www.taydaelectronics.com/capacitors/electrolytic-capacitors/4700uf-35v-85c-aluminum-electrolytic-capacitor-18x35mm.html,18mm,35mm
735dc48a-6b34-4401-b983-35d1dc429ffd,4700.0μF Electrolytic Capacitors (Through Hole) by Various,A-4546,https://www.taydaelectronics.com/capacitors/electrolytic-capacitors/4700uf-50v-105c-radial-electrolytic-capacitor-19x40mm.html,19mm,40mm
a2467f52-5ee1-4c9d-8913-9ac43dc48424,470.0μF Electrolytic Capacitors (Through Hole) by Various,A-6769,https://www.taydaelectronics.com/capacitors/electrolytic-capacitors/470uf-10v-105c-aluminum-radial-electrolytic-capacitor-aishi.html,8mm,11mm
ace87ade-8bd4-4b7e-a8be-e429df256634,470.0μF Electrolytic Capacitors (Through Hole) by Various,A-4521,https://www.taydaelectronics.com/capacitors/electrolytic-capacitors/470uf-16v-105c-radial-electrolytic-capacitor-8x12mm.html,8mm,12mm
d4678310-0a73-4ce4-9f0a-14f5f014c4f8,470.0μF Electrolytic Capacitors (Through Hole) by Various,A-1079,https://www.taydaelectronics.com/capacitors/electrolytic-capacitors/470uf-16v-105c-jrb-radial-electrolytic-capacitor-8x12mm.html,8mm,12mm
33914c6c-08bb-4bd9-b385-1ad08e3e1ddd,470.0μF Electrolytic Capacitors (Through Hole) by Various,A-4783,https://www.taydaelectronics.com/capacitors/electrolytic-capacitors/470uf-25v-85c-radial-electrolytic-capacitor-10x13mm.html,10mm,13mm
f65b160f-22c1-44a2-8e68-89a6806a7e1d,470.0μF Electrolytic Capacitors (Through Hole) by Various,A-4533,https://www.taydaelectronics.com/capacitors/electrolytic-capacitors/470uf-35v-105c-radial-electrolytic-capacitor-10x15mm.html,10mm,17mm
7733acfd-f21c-48fb-a240-c0481fa6334d,470.0μF Electrolytic Capacitors (Through Hole) by Various,A-1065,https://www.taydaelectronics.com/capacitors/electrolytic-capacitors/470uf-35v-105c-jrb-radial-electrolytic-capacitor-5x11mm.html,10mm,17mm
eaa74415-023a-4425-99e3-843b697f5cbd,470.0μF Electrolytic Capacitors (Through Hole) by Various,A-6386,https://www.taydaelectronics.com/capacitors/electrolytic-capacitors/470uf-35v-105c-aluminum-radial-electrolytic-capacitor-panasonic.html,10mm,16mm
35524e5b-546f-4cb7-a47e-6a2c350b4cfd,470.0μF Electrolytic Capacitors (Through Hole) by Various,A-6390,https://www.taydaelectronics.com/capacitors/electrolytic-capacitors/470uf-50v-85c-aluminum-radial-electrolytic-capacitor-multicomp.html,13mm,21mm
43d12d80-56ba-4d0e-826c-2d1bd33f3bd4,470.0μF Electrolytic Capacitors (Through Hole) by Various,A-4519,https://www.taydaelectronics.com/capacitors/electrolytic-capacitors/470uf-50v-105c-radial-electrolytic-capacitor-10x20mm.html,13mm,20mm
0ada1ee4-1ee5-4485-b6ad-fb42163a5ac2,470.0μF Electrolytic Capacitors (Through Hole) by Various,A-4545,https://www.taydaelectronics.com/capacitors/electrolytic-capacitors/470uf-100v-105c-radial-electrolytic-capacitor-16x26mm.html,16mm,26mm
5be74aed-725c-4f71-b2d4-7521d70244c0,47.0μF Electrolytic Capacitors (Through Hole) by Various,A-7711,https://www.taydaelectronics.com/capacitors/electrolytic-capacitors/47uf-450v-105c-radial-electrolytic-capacitor-15x30mm.html,15mm,30mm
c14ba83f-3e04-4f68-b6a2-b34a079b8c49,47.0μF Electrolytic Capacitors (Through Hole) by Various,A-6481,https://www.taydaelectronics.com/capacitors/electrolytic-capacitors/58799-dup-47-uf-63v-105c-aluminum-radial-electrolytic-capacitor.html,5mm,11mm
c84ca9cb-a5b6-4f83-9382-00acfca7bcff,47.0μF Electrolytic Capacitors (Through Hole) by Various,A-1080,https://www.taydaelectronics.com/capacitors/electrolytic-capacitors/47uf-16v-jrb-radial-electrolytic-capacitor-5x11mm.html,5mm,11mm
69e5d4fb-418c-4042-ba6f-b6dc75ecc8fc,47.0μF Electrolytic Capacitors (Through Hole) by Various,A-6927,https://www.taydaelectronics.com/capacitors/electrolytic-capacitors/47uf-16v-85c-radial-electrolytic-capacitor-5x11mm.html,5mm,11mm
035c5863-aab1-416b-96a6-2f45c949bcda,47.0μF Electrolytic Capacitors (Through Hole) by Various,A-6928,https://www.taydaelectronics.com/capacitors/electrolytic-capacitors/47uf-16v-105c-radial-electrolytic-capacitor-5x11mm-samxon.html,5mm,11mm
ba10ee82-5f43-45a0-be6b-462bb2b57096,47.0μF Electrolytic Capacitors (Through Hole) by Various,A-4522,https://www.taydaelectronics.com/capacitors/electrolytic-capacitors/47uf-16v-105c-radial-electrolytic-capacitor-5x11mm.html,5mm,11mm
5ab1b0bc-fb18-4cf4-a3d9-6f3410dd6886,47.0μF Electrolytic Capacitors (Through Hole) by Various,A-5713,https://www.taydaelectronics.com/capacitors/electrolytic-capacitors/47uf-25v-105c-radial-electrolytic-capacitor-5x11mm.html,5mm,11mm
27009ba0-7d6e-4243-889f-d696d15a9290,47.0μF Electrolytic Capacitors (Through Hole) by Various,A-4166,https://www.taydaelectronics.com/capacitors/electrolytic-capacitors/nichicon-47uf-25v-105c-radial-electrolytic-capacitor-5-11mm.html,5mm,11mm
e35b895d-253d-427d-b9e8-30f99a1c3c0b,47.0μF Electrolytic Capacitors (Through Hole) by Various,A-4144,https://www.taydaelectronics.com/capacitors/electrolytic-capacitors/47uf-25v-105c-aluminum-radial-electrolytic-capacitor-fm.html,5mm,11mm
8880c584-7f95-47cf-8500-28189602eb1a,47.0μF Electrolytic Capacitors (Through Hole) by Various,A-4142,https://www.taydaelectronics.com/capacitors/electrolytic-capacitors/47uf-25v-105c-aluminum-radial-electrolytic-capacitor.html,5mm,11mm
3c4ac3e3-877b-45c5-a935-51791813fbe5,47.0μF Electrolytic Capacitors (Through Hole) by Various,A-6763,https://www.taydaelectronics.com/capacitors/electrolytic-capacitors/47uf-35v-105c-aluminum-radial-electrolytic-capacitor-aishi-long-life.html,5mm,11mm
788a78b4-adb0-428f-b06a-6eb23a543bc3,47.0μF Electrolytic Capacitors (Through Hole) by Various,A-6764,https://www.taydaelectronics.com/capacitors/electrolytic-capacitors/47uf-35v-105c-aluminum-radial-electrolytic-capacitor-aishi.html,5mm,11mm
c6db3076-9700-48bd-8583-9e3ae1eaeaa8,47.0μF Electrolytic Capacitors (Through Hole) by Various,A-7257,https://www.taydaelectronics.com/capacitors/electrolytic-capacitors/47uf-35v-105c-aluminum-radial-electrolytic-capacitor-aishi-4000.html,6.3mm,11mm
e213d575-175a-4b76-ba4a-2c7465854ed4,47.0μF Electrolytic Capacitors (Through Hole) by Various,A-6354,https://www.taydaelectronics.com/capacitors/electrolytic-capacitors/47uf-35v-105c-aluminum-radial-electrolytic-capacitor-rubycon.html,5mm,11mm
0036a358-e094-4230-92f3-b53ba8973e54,47.0μF Electrolytic Capacitors (Through Hole) by Various,A-6346,https://www.taydaelectronics.com/capacitors/electrolytic-capacitors/47uf-50v-105c-aluminum-radial-electrolytic-capacitor-fr.html,6.3mm,11.2mm
8b017797-fb01-437e-81bd-9e838f6ee4c7,47.0μF Electrolytic Capacitors (Through Hole) by Various,A-6062,https://www.taydaelectronics.com/capacitors/electrolytic-capacitors/47uf-25v-105c-jrb-radial-electrolytic-capacitor-5x11mm.html,5mm,11mm
9978d6bb-e33c-4177-9275-675da5583dc4,47.0μF Electrolytic Capacitors (Through Hole) by Various,A-988,https://www.taydaelectronics.com/capacitors/electrolytic-capacitors/47uf-50v-105c-jrb-radial-electrolytic-capacitor-6x12mm.html,6.3mm,11mm
6078f7f5-8543-4bd3-98b2-de007a56c713,47.0μF Electrolytic Capacitors (Through Hole) by Various,A-4518,https://www.taydaelectronics.com/capacitors/electrolytic-capacitors/47uf-50v-105c-radial-electrolytic-capacitor-6x11mm.html,6.3mm,11mm
0a5a0a3b-1a7a-43de-9a91-d51985ef4132,47.0μF Electrolytic Capacitors (Through Hole) by Various,A-4148,https://www.taydaelectronics.com/capacitors/electrolytic-capacitors/47uf-50v-105c-aluminum-radial-electrolytic-capacitor-nhg.html,6.3mm,11.2mm
f2366c45-8d77-4139-82b5-e6daba35d4f5,47.0μF Electrolytic Capacitors (Through Hole) by Various,A-6480,https://www.taydaelectronics.com/capacitors/electrolytic-capacitors/47-uf-63v-105c-aluminum-radial-electrolytic-capacitor.html,6.3mm,11mm
575095b0-0189-43f0-bc0e-311c540765f9,47.0μF Electrolytic Capacitors (Through Hole) by Various,A-2920,https://www.taydaelectronics.com/capacitors/electrolytic-capacitors/47uf-100v-105c-radial-electrolytic-capacitor.html,10mm,12.5mm
6e258c4c-2cb5-42e4-a08c-ccc02f7acce7,47.0μF Electrolytic Capacitors (Through Hole) by Various,A-5404,https://www.taydaelectronics.com/capacitors/electrolytic-capacitors/47uf-400v-85c-radial-electrolytic-capacitor-16x25mm.html,16mm,25mm
9037d890-a3ce-4da2-b7d4-09ec9b2cd5ba,4.7μF Electrolytic Capacitors (Through Hole) by Various,A-975,https://www.taydaelectronics.com/capacitors/electrolytic-capacitors/4-7uf-16v-105c-jrb-radial-electrolytic-capacitor-5x11mm.html,5mm,11mm
e22a3ec8-ab44-45e5-a27f-bc85761fd574,4.7μF Electrolytic Capacitors (Through Hole) by Various,A-4529,https://www.taydaelectronics.com/capacitors/electrolytic-capacitors/4-7uf-16v-105c-radial-electrolytic-capacitor-5x11mm.html,5mm,11mm
bd189ee6-5b48-45b0-a58d-30c6b64c6462,4.7μF Electrolytic Capacitors (Through Hole) by Various,A-4504,https://www.taydaelectronics.com/capacitors/electrolytic-capacitors/4-7uf-35v-105c-radial-electrolytic-capacitor-5x11mm.html,5mm,11mm
2d6c7fbc-d52f-4572-9ebf-7bb31b624bd7,4.7μF Electrolytic Capacitors (Through Hole) by Various,A-974,https://www.taydaelectronics.com/capacitors/electrolytic-capacitors/4-7uf-35v-105c-jrb-radial-electrolytic-capacitor-5x11mm.html,5mm,11mm
8c68e213-3a30-498e-8407-0082cdd13880,4.7μF Electrolytic Capacitors (Through Hole) by Various,A-6647,https://www.taydaelectronics.com/capacitors/electrolytic-capacitors/4-7uf-35v-105c-radial-electrolytic-capacitor-5x11mm-6647.html,5mm,11mm
076633b7-1576-4c7a-b027-8d68100c0736,4.7μF Electrolytic Capacitors (Through Hole) by Various,A-4555,https://www.taydaelectronics.com/capacitors/electrolytic-capacitors/4-7uf-50v-105c-radial-electrolytic-capacitor-5x11mm.html,5mm,11mm
4585463a-35f9-4df8-b40b-7b3a37078535,4.7μF Electrolytic Capacitors (Through Hole) by Various,A-6479,https://www.taydaelectronics.com/capacitors/electrolytic-capacitors/4-7-uf-50v-85c-aluminum-radial-electrolytic-capacitor.html,5mm,11mm
51973a3e-6636-45ad-af0b-6ebb099b2a37,4.7μF Electrolytic Capacitors (Through Hole) by Various,A-4149,https://www.taydaelectronics.com/capacitors/electrolytic-capacitors/4-7uf-50v-105c-aluminum-radial-electrolytic-capacitor-nhg.html,5mm,11mm
43d04a4b-f36f-4807-8b7e-36c27db4931e,4.7μF Electrolytic Capacitors (Through Hole) by Various,A-1083,https://www.taydaelectronics.com/capacitors/electrolytic-capacitors/4-7uf-50v-105c-jrb-radial-electrolytic-capacitor-5x11mm.html,5mm,11mm
aaeaa9bb-c2c0-4d91-87da-6378e5c8d095,4.7μF Electrolytic Capacitors (Through Hole) by Various,A-1614,https://www.taydaelectronics.com/capacitors/electrolytic-capacitors/4-7uf-100v-105c-radial-electrolytic-capacitor-5x11mm.html,5mm,11mm
515ed4af-c55b-4e1c-869c-1d93fdedd943,4.7μF Electrolytic Capacitors (Through Hole) by Various,A-2915,https://www.taydaelectronics.com/capacitors/electrolytic-capacitors/4-7uf-250v-105c-radial-electrolytic-capacitor.html,8mm,12mm
0032627b-2f26-4ab7-b04b-49a2cb7d18bf,4.7μF Electrolytic Capacitors (Through Hole) by Various,A-3338,https://www.taydaelectronics.com/capacitors/electrolytic-capacitors/4-7uf-400v-105c-radial-electrolytic-capacitor.html,10mm,16mm
53a73dd9-b03f-437f-8c39-e37f99cdc7dc,4.7μF Electrolytic Capacitors (Through Hole) by Various,A-3333,https://www.taydaelectronics.com/capacitors/electrolytic-capacitors/4-7uf-450v-105c-radial-electrolytic-capacitor-8x12mm-wh-series.html,8mm,12mm
734f7154-e768-4ef6-833b-4a596a80cc92,560.0μF Electrolytic Capacitors (Through Hole) by Various,A-3943,https://www.taydaelectronics.com/capacitors/electrolytic-capacitors/560uf-35v-105c-radial-electrolytic-capacitor.html,12.5mm,20mm
ec580198-20b2-4c6d-b99e-52dad6f26fc0,560.0μF Electrolytic Capacitors (Through Hole) by Various,A-6774,https://www.taydaelectronics.com/capacitors/electrolytic-capacitors/560uf-100v-105c-aluminum-radial-electrolytic-capacitor-aishi.html,18mm,25mm
290220f1-5adf-4c52-a9d2-7129a7951ab9,680.0μF Electrolytic Capacitors (Through Hole) by Various,A-6770,https://www.taydaelectronics.com/capacitors/electrolytic-capacitors/680uf-16v-105c-aluminum-radial-electrolytic-capacitor-aishi.html,10mm,13mm
d63596c1-4075-4c04-84d3-091c8f65fd54,680.0μF Electrolytic Capacitors (Through Hole) by Various,A-6375,https://www.taydaelectronics.com/capacitors/electrolytic-capacitors/680uf-16-v-105c-aluminum-radial-electrolytic-capacitor-kemet.html,10mm,15mm
d5b7b420-03a2-40ce-90fe-9718f7ee1c7c,680.0μF Electrolytic Capacitors (Through Hole) by Various,A-6773,https://www.taydaelectronics.com/capacitors/electrolytic-capacitors/680uf-25v-105c-aluminum-radial-electrolytic-capacitor-aishi.html,10mm,16mm
92372fb1-64f5-445c-982b-ba2b256360e8,680.0μF Electrolytic Capacitors (Through Hole) by Various,A-2926,https://www.taydaelectronics.com/capacitors/electrolytic-capacitors/680uf-100v-105c-radial-electrolytic-capacitor.html,16mm,35mm
8c970bdd-f03e-4913-a1c4-aae750ecc8df,6.8μF Electrolytic Capacitors (Through Hole) by Various,A-3337,https://www.taydaelectronics.com/capacitors/electrolytic-capacitors/6-8uf-400v-105c-radial-electrolytic-capacitor.html,10mm,16mm
b4f9ec07-137b-45f4-a0ca-9b0df6237355,820.0μF Electrolytic Capacitors (Through Hole) by Various,A-3944,https://www.taydaelectronics.com/capacitors/electrolytic-capacitors/820uf-6-3v-105c-radial-electrolytic-capacitor.html,8mm,11.5mm